playerID,name,hits,AVG,SLG,OBA,G,AB,R,H,RBI,2B,3B,HR,SAC,SB,CS,SO,BB,HBP,TB,GameAB,GameH,GameTB,GameG,GameR,GameRBI,Game2B,Game3B,GameHR,GameSB,H_should_have,TB_should_have,R_should_have,RBI_should_have,2B_should_have,3B_should_have,HR_should_have,SB_should_have,H_deviation,TB_deviation,R_deviation,RBI_deviation,2B_deviation,3B_deviation,HR_deviation,SB_deviation
abbotku01,Kurt Abbott,Right,0.26288659793814434,0.4175257731958763,0.3125,77,194,26,51,24,13,1,5,4,2,1,53,12,2,81,9,4,5,3,2,0,1,0,0,0,2.365979381443299,3.7577319587628866,1.012987012987013,0.935064935064935,0.6030927835051546,0.04639175257731959,0.23195876288659792,0.07792207792207792,1.634020618556701,1.2422680412371134,0.9870129870129869,-0.935064935064935,0.3969072164948454,-0.04639175257731959,-0.23195876288659792,-0.07792207792207792
abreubo01,Bobby Abreu,Left,0.3118712273641851,0.4969818913480885,0.4113597246127367,151,497,68,155,74,29,6,17,8,19,10,133,84,0,247,66,13,16,17,4,4,0,0,1,2,20.583501006036215,32.80080482897384,7.655629139072848,8.331125827814569,3.8511066398390343,0.7967806841046278,2.2575452716297786,2.1390728476821192,-7.583501006036215,-16.80080482897384,-3.6556291390728477,-4.331125827814569,-3.8511066398390343,-0.7967806841046278,-1.2575452716297786,-0.13907284768211925
alfoned01,Edgardo Alfonzo,Right,0.27827648114901254,0.4272890484739677,0.3568,144,557,94,155,78,28,2,17,5,8,3,77,65,3,238,42,10,17,11,5,6,1,0,2,2,11.687612208258527,17.946140035906645,7.180555555555555,5.958333333333333,2.111310592459605,0.15080789946140036,1.281867145421903,0.611111111111111,-1.6876122082585265,-0.9461400359066445,-2.1805555555555554,0.04166666666666696,-1.111310592459605,-0.15080789946140036,0.718132854578097,1.3888888888888888
alicelu01,Luis Alicea,Both,0.27413127413127414,0.4247104247104247,0.3754152823920266,101,259,51,71,33,15,3,6,7,4,3,40,37,5,110,6,3,4,4,4,1,1,0,0,0,1.6447876447876448,2.548262548262548,2.01980198019802,1.306930693069307,0.3474903474903475,0.0694980694980695,0.138996138996139,0.15841584158415842,1.3552123552123552,1.451737451737452,1.9801980198019802,-0.306930693069307,0.6525096525096525,-0.0694980694980695,-0.138996138996139,-0.15841584158415842
aloumo01,Moises Alou,Right,0.3116438356164384,0.5821917808219178,0.4026745913818722,159,584,104,182,124,34,5,38,6,11,3,87,84,5,340,41,11,23,10,7,10,3,0,3,0,12.777397260273974,23.86986301369863,6.5408805031446535,7.79874213836478,2.3869863013698627,0.35102739726027393,2.667808219178082,0.6918238993710691,-1.7773972602739736,-0.8698630136986303,0.4591194968553465,2.20125786163522,0.6130136986301373,-0.35102739726027393,0.33219178082191814,-0.6918238993710691
amarari01,Rich Amaral,Right,0.27611940298507465,0.34328358208955223,0.34459459459459457,73,134,25,37,4,6,0,1,1,11,1,24,13,1,46,31,14,19,9,5,6,5,0,0,2,8.559701492537314,10.641791044776118,3.0821917808219177,0.4931506849315068,1.3880597014925373,0,0.23134328358208955,1.3561643835616437,5.4402985074626855,8.358208955223882,1.9178082191780823,5.506849315068493,3.611940298507463,0,-0.23134328358208955,0.6438356164383563
amaroru02,Ruben Amaro,Both,0.18691588785046728,0.2616822429906542,0.23008849557522124,92,107,7,20,10,5,0,1,4,0,0,15,6,0,28,5,0,0,5,0,0,0,0,0,0,0.9345794392523364,1.308411214953271,0.3804347826086957,0.5434782608695652,0.2336448598130841,0,0.04672897196261682,0,-0.9345794392523364,-1.308411214953271,-0.3804347826086957,-0.5434782608695652,-0.2336448598130841,0,-0.04672897196261682,0
ariasal01,Alex Arias,Right,0.2932330827067669,0.37593984962406013,0.36054421768707484,56,133,17,39,16,8,0,1,2,2,0,18,13,1,50,25,6,6,9,2,3,0,0,0,2,7.330827067669173,9.398496240601503,2.7321428571428568,2.571428571428571,1.5037593984962405,0,0.18796992481203006,0.3214285714285714,-1.3308270676691727,-3.398496240601503,-0.7321428571428568,0.4285714285714288,-1.5037593984962405,0,-0.18796992481203006,1.6785714285714286
arrojro01,Rolando Arrojo,Right,0,0,0,1,3,0,0,0,0,0,0,0,0,0,2,0,0,0,5,0,0,4,0,0,0,0,0,0,0,0,0,0,0,0,0,0,0,0,0,0,0,0,0,0
ashbyan01,Andy Ashby,Right,0.1111111111111111,0.1388888888888889,0.13513513513513514,32,72,1,8,2,2,0,0,9,0,0,35,2,0,10,13,2,3,4,2,1,1,0,0,0,1.4444444444444444,1.8055555555555556,0.125,0.25,0.3611111111111111,0,0,0,0.5555555555555556,1.1944444444444444,1.875,0.75,0.6388888888888888,0,0,0
averyst01,Steve Avery,Left,0,0,0,6,1,2,0,0,0,0,0,0,0,0,0,0,0,0,4,1,1,2,0,0,0,0,0,0,0,0,0.6666666666666666,0,0,0,0,0,1,1,-0.6666666666666666,0,0,0,0,0
baergca01,Carlos Baerga,Both,0.26614481409001955,0.3639921722113503,0.3068391866913124,147,511,46,136,53,27,1,7,10,0,1,55,24,6,186,43,10,16,11,5,3,3,0,1,0,11.444227005870841,15.651663405088062,3.4421768707482996,3.9659863945578233,2.2720156555772992,0.08414872798434442,0.5890410958904109,0,-1.4442270058708413,0.34833659491193814,1.5578231292517004,-0.9659863945578233,0.7279843444227008,-0.08414872798434442,0.41095890410958913,0
bagweje01,Jeff Bagwell,Right,0.3037037037037037,0.5574074074074075,0.4268292682926829,147,540,124,164,111,33,1,34,5,19,7,90,109,7,301,36,9,12,11,6,1,3,0,0,0,10.933333333333334,20.06666666666667,9.27891156462585,8.306122448979592,2.1999999999999997,0.06666666666666667,2.2666666666666666,1.4217687074829932,-1.9333333333333336,-8.06666666666667,-3.278911564625851,-7.3061224489795915,0.8000000000000003,-0.06666666666666667,-2.2666666666666666,-1.4217687074829932
beckro01,Rod Beck,Right,0,0,0,77,1,0,0,0,0,0,0,0,0,0,0,0,0,0,1,0,0,6,0,0,0,0,0,0,0,0,0,0,0,0,0,0,0,0,0,0,0,0,0,0
beechma01,Matt Beech,Left,0.15151515151515152,0.15151515151515152,0.15151515151515152,20,33,2,5,2,0,0,0,6,0,0,10,0,0,5,3,0,0,4,0,0,0,0,0,0,0.4545454545454546,0.4545454545454546,0.4,0.4,0,0,0,0,-0.4545454545454546,-0.4545454545454546,-0.4,-0.4,0,0,0,0
belchti01,Tim Belcher,Right,0.2,0.2,0.2,2,5,1,1,0,0,0,0,1,0,0,2,0,0,1,7,1,1,3,0,0,0,0,0,0,1.4000000000000001,1.4000000000000001,1.5,0,0,0,0,0,-0.40000000000000013,-0.40000000000000013,-1.5,0,0,0,0,0
belleal01,Albert Belle,Right,0.3284072249589491,0.6551724137931034,0.4081041968162084,163,609,113,200,152,48,2,49,15,6,4,84,81,1,399,43,14,23,11,8,10,4,1,1,0,14.12151067323481,28.17241379310345,7.625766871165644,10.257668711656441,3.3891625615763545,0.1412151067323481,3.4597701149425286,0.40490797546012275,-0.1215106732348108,-5.172413793103448,0.3742331288343559,-0.2576687116564411,0.6108374384236455,0.8587848932676518,-2.4597701149425286,-0.40490797546012275
bellira01,Rafael Belliard,Right,0.25,0.25,0.25,7,20,1,5,1,0,0,0,0,0,0,1,0,0,5,4,2,2,4,1,0,0,0,0,0,1,1,0.5714285714285714,0.5714285714285714,0,0,0,0,1,1,0.4285714285714286,-0.5714285714285714,0,0,0,0
bereja01,Jason Bere,Right,0,0,0.06666666666666667,10,14,0,0,0,0,0,0,0,0,0,5,1,0,0,5,0,0,3,0,0,0,0,0,0,0,0,0,0,0,0,0,0,0,0,0,0,0,0,0,0
biggicr01,Craig Biggio,Right,0.32507739938080493,0.5030959752321982,0.4051841746248295,160,646,123,210,88,51,2,20,5,50,8,113,64,23,325,54,19,27,13,12,2,5,0,1,2,17.554179566563466,27.1671826625387,9.99375,7.15,4.263157894736842,0.1671826625386997,1.671826625386997,4.0625,1.445820433436534,-0.16718266253869984,2.0062499999999996,-5.15,0.7368421052631584,-0.1671826625386997,-0.6718266253869969,-2.0625
bohanbr01,Brian Bohanon,Left,0.27906976744186046,0.37209302325581395,0.3111111111111111,37,43,1,12,5,2,1,0,4,0,0,13,2,0,16,12,4,5,4,2,0,1,0,0,0,3.3488372093023253,4.465116279069767,0.10810810810810811,0.5405405405405406,0.5581395348837209,0.27906976744186046,0,0,0.6511627906976747,0.5348837209302326,1.8918918918918919,-0.5405405405405406,0.4418604651162791,-0.27906976744186046,0,0
bondsba01,Barry Bonds,Left,0.302536231884058,0.6086956521739131,0.4420289855072464,156,552,120,167,122,44,7,37,7,28,12,92,130,8,336,42,14,34,12,13,13,0,1,6,2,12.706521739130435,25.56521739130435,9.230769230769232,9.384615384615385,3.3478260869565215,0.532608695652174,2.815217391304348,2.1538461538461537,1.2934782608695645,8.434782608695649,3.7692307692307683,3.615384615384615,-3.3478260869565215,0.46739130434782605,3.184782608695652,-0.15384615384615374
bonilbo01,Bobby Bonilla,Both,0.24924924924924924,0.38738738738738737,0.3315508021390374,100,333,39,83,45,11,1,11,6,1,2,59,41,0,129,21,5,8,7,2,3,0,0,1,0,5.234234234234234,8.135135135135135,2.73,3.15,0.6936936936936936,0.06306306306306306,0.6936936936936936,0.07,-0.23423423423423362,-0.1351351351351351,-0.73,-0.1499999999999999,-0.6936936936936936,-0.06306306306306306,0.3063063063063064,-0.07
boonebr01,Bret Boone,Right,0.2658662092624357,0.45797598627787306,0.32598425196850395,157,583,76,155,95,38,1,24,13,6,4,104,48,4,267,25,5,8,9,2,5,0,0,1,0,6.646655231560892,11.449399656946827,4.356687898089172,5.445859872611464,1.6295025728987993,0.04288164665523156,1.0291595197255576,0.34394904458598724,-1.6466552315608922,-3.4493996569468273,-2.356687898089172,-0.4458598726114644,-1.6295025728987993,-0.04288164665523156,-0.029159519725557637,-0.34394904458598724
botteke01,Kent Bottenfield,Right,0.08823529411764706,0.08823529411764706,0.08823529411764706,42,34,3,3,2,0,0,0,5,0,0,9,0,0,3,3,0,0,4,0,0,0,0,0,0,0.2647058823529412,0.2647058823529412,0.2857142857142857,0.19047619047619047,0,0,0,0,-0.2647058823529412,-0.2647058823529412,-0.2857142857142857,-0.19047619047619047,0,0,0,0
brognri01,Rico Brogna,Left,0.26548672566371684,0.44601769911504424,0.3241042345276873,153,565,77,150,104,36,3,20,10,7,7,125,49,0,252,56,10,11,17,2,7,1,0,0,0,14.867256637168143,24.976991150442476,8.555555555555555,11.555555555555555,3.568141592920354,0.29734513274336283,1.9823008849557522,0.7777777777777777,-4.867256637168143,-13.976991150442476,-6.555555555555555,-4.555555555555555,-2.568141592920354,-0.29734513274336283,-1.9823008849557522,-0.7777777777777777
brownke01,Kevin Brown,Right,0.2073170731707317,0.24390243902439024,0.2441860465116279,34,82,4,17,10,3,0,0,7,0,0,29,4,0,20,12,1,1,4,1,0,0,0,0,0,2.4878048780487805,2.926829268292683,0.47058823529411764,1.1764705882352942,0.4390243902439024,0,0,0,-1.4878048780487805,-1.9268292682926829,0.5294117647058824,-1.1764705882352942,-0.4390243902439024,0,0,0
burbada01,Dave Burba,Right,0.16666666666666666,0.6666666666666666,0.16666666666666666,2,6,1,1,2,0,0,1,0,0,0,1,0,0,4,3,0,0,2,1,0,0,0,0,0,0.5,2,1,2,0,0,0.5,0,-0.5,-2,0,-2,0,0,-0.5,0
burnije01,Jeromy Burnitz,Left,0.2627257799671593,0.49917898193760263,0.34260614934114203,161,609,92,160,125,28,1,38,8,7,4,158,70,4,304,13,2,2,8,0,0,0,0,0,0,3.415435139573071,6.489326765188834,4.571428571428571,6.211180124223603,0.5977011494252873,0.02134646962233169,0.8111658456486043,0.34782608695652173,-1.4154351395730709,-4.489326765188834,-4.571428571428571,-6.211180124223603,-0.5977011494252873,-0.02134646962233169,-0.8111658456486043,-0.34782608695652173
bushho01,Homer Bush,Right,0.38028169014084506,0.4647887323943662,0.42105263157894735,45,71,17,27,5,3,0,1,2,6,3,19,5,0,33,12,0,0,4,0,0,0,0,0,0,4.563380281690141,5.577464788732394,1.511111111111111,0.4444444444444444,0.5070422535211268,0,0.16901408450704225,0.5333333333333333,-4.563380281690141,-5.577464788732394,-1.511111111111111,-0.4444444444444444,-0.5070422535211268,0,-0.16901408450704225,-0.5333333333333333
byrdpa01,Paul Byrd,Right,0.16666666666666666,0.16666666666666666,0.25,9,18,1,3,1,0,0,0,0,0,0,7,1,1,3,7,1,1,3,0,1,0,0,0,0,1.1666666666666665,1.1666666666666665,0.3333333333333333,0.3333333333333333,0,0,0,0,-0.16666666666666652,-0.16666666666666652,-0.3333333333333333,0.6666666666666667,0,0,0,0
camermi01,Mike Cameron,Right,0.20959595959595959,0.33585858585858586,0.2870159453302961,141,396,53,83,43,16,5,8,4,27,11,101,37,6,133,12,3,5,7,2,2,0,1,0,0,2.515151515151515,4.03030303030303,2.631205673758865,2.1347517730496453,0.48484848484848486,0.15151515151515152,0.24242424242424243,1.3404255319148937,0.48484848484848486,0.9696969696969697,-0.6312056737588652,-0.13475177304964525,-0.48484848484848486,0.8484848484848485,-0.24242424242424243,-1.3404255319148937
caminke01,Ken Caminiti,Both,0.252212389380531,0.5088495575221239,0.3586337760910816,131,452,87,114,82,29,0,29,8,6,2,108,71,4,230,38,16,42,12,13,12,5,0,7,1,9.584070796460177,19.33628318584071,7.969465648854962,7.51145038167939,2.438053097345133,0,2.438053097345133,0.549618320610687,6.415929203539823,22.66371681415929,5.030534351145038,4.48854961832061,2.561946902654867,0,4.561946902654867,0.45038167938931295
cansejo01,Jose Canseco,Right,0.2367066895368782,0.5180102915951973,0.3195718654434251,151,583,98,138,107,26,0,46,4,29,17,159,65,6,302,59,13,26,15,10,12,2,1,3,1,13.965694682675814,30.56260720411664,9.735099337748345,10.629139072847682,2.6312178387650085,0,4.655231560891938,2.8807947019867552,-0.9656946826758137,-4.562607204116642,0.2649006622516552,1.370860927152318,-0.6312178387650085,1,-1.655231560891938,-1.8807947019867552
casanra01,Raul Casanova,Both,0.14285714285714285,0.2619047619047619,0.25,16,42,4,6,3,2,0,1,0,0,0,10,5,1,11,6,1,4,2,1,1,0,0,1,0,0.8571428571428571,1.5714285714285716,0.5,0.375,0.2857142857142857,0,0.14285714285714285,0,0.1428571428571429,2.4285714285714284,0.5,0.625,-0.2857142857142857,0,0.8571428571428572,0
castrju01,Juan Castro,Right,0.19545454545454546,0.2545454545454545,0.24680851063829787,89,220,25,43,14,7,0,2,11,0,0,37,15,0,56,6,0,0,3,0,0,0,0,0,0,1.1727272727272728,1.5272727272727271,0.8426966292134832,0.47191011235955055,0.1909090909090909,0,0.05454545454545454,0,-1.1727272727272728,-1.5272727272727271,-0.8426966292134832,-0.47191011235955055,-0.1909090909090909,0,-0.05454545454545454,0
cedenro01,Roger Cedeno,Both,0.24166666666666667,0.32083333333333336,0.31835205992509363,105,240,33,58,17,11,1,2,4,8,2,57,27,0,77,13,4,5,5,4,2,1,0,0,0,3.1416666666666666,4.170833333333333,1.5714285714285714,0.8095238095238095,0.5958333333333333,0.05416666666666667,0.10833333333333334,0.380952380952381,0.8583333333333334,0.8291666666666666,2.428571428571429,1.1904761904761905,0.4041666666666667,-0.05416666666666667,-0.10833333333333334,-0.380952380952381
cirilje01,Jeff Cirillo,Right,0.3211920529801324,0.445364238410596,0.4032023289665211,156,604,97,194,68,31,1,14,7,10,4,88,79,4,269,64,23,38,16,13,10,3,0,4,1,20.556291390728475,28.503311258278146,9.948717948717949,6.9743589743589745,3.2847682119205297,0.10596026490066225,1.4834437086092715,1.0256410256410255,2.443708609271525,9.496688741721854,3.051282051282051,3.0256410256410255,-0.2847682119205297,-0.10596026490066225,2.5165562913907285,-0.02564102564102555
clarkwi02,Will Clark,Left,0.30505415162454874,0.5072202166064982,0.38791732909379967,149,554,98,169,102,41,1,23,7,1,0,97,72,3,281,5,2,2,3,0,0,0,0,0,0,1.5252707581227436,2.536101083032491,1.9731543624161074,2.053691275167785,0.3700361010830325,0.009025270758122744,0.2075812274368231,0.020134228187919462,0.4747292418772564,-0.536101083032491,-1.9731543624161074,-2.053691275167785,-0.3700361010830325,-0.009025270758122744,-0.2075812274368231,-0.020134228187919462
clemero02,Roger Clemens,Right,0,0,0.2,2,4,0,0,0,0,0,0,1,0,0,0,1,0,0,11,1,1,3,0,0,0,0,0,0,0,0,0,0,0,0,0,0,1,1,0,0,0,0,0,0
colonba01,Bartolo Colon,Right,0.5,0.5,0.5,1,2,0,1,1,0,0,0,0,0,0,1,0,0,1,8,1,1,3,0,0,0,0,0,0,4,4,0,3,0,0,0,0,-3,-3,0,-3,0,0,0,0
coninje01,Jeff Conine,Right,0.255663430420712,0.4174757281553398,0.31750741839762614,93,309,30,79,43,26,0,8,6,3,0,68,26,2,129,11,2,5,7,1,3,0,0,1,0,2.812297734627832,4.592233009708738,2.258064516129032,3.236559139784946,0.9255663430420712,0,0.284789644012945,0.22580645161290322,-0.812297734627832,0.40776699029126195,-1.258064516129032,-0.23655913978494603,-0.9255663430420712,0,0.7152103559870551,-0.22580645161290322
daalom01,Omar Daal,Left,0.10869565217391304,0.10869565217391304,0.19607843137254902,33,46,3,5,1,0,0,0,5,0,0,17,5,0,5,7,0,0,5,0,0,0,0,0,0,0.7608695652173912,0.7608695652173912,0.4545454545454546,0.15151515151515152,0,0,0,0,-0.7608695652173912,-0.7608695652173912,-0.4545454545454546,-0.15151515151515152,0,0,0,0
darwida01,Danny Darwin,Right,0.08888888888888889,0.1111111111111111,0.1276595744680851,32,45,2,4,1,1,0,0,4,0,0,30,1,1,5,1,0,0,1,0,0,0,0,0,0,0.08888888888888889,0.1111111111111111,0.0625,0.03125,0.022222222222222223,0,0,0,-0.08888888888888889,-0.1111111111111111,-0.0625,-0.03125,-0.022222222222222223,0,0,0
davisch01,Chili Davis,Both,0.2912621359223301,0.44660194174757284,0.37606837606837606,35,103,11,30,9,7,0,3,1,0,1,18,14,0,46,4,3,6,2,1,3,0,0,1,0,1.1650485436893203,1.7864077669902914,0.6285714285714286,0.5142857142857142,0.27184466019417475,0,0.11650485436893204,0,1.8349514563106797,4.213592233009709,0.37142857142857144,2.4857142857142858,-0.27184466019417475,0,0.883495145631068,0
duceyro01,Rob Ducey,Left,0.23963133640552994,0.41013824884792627,0.3373493975903614,97,217,30,52,23,18,2,5,1,4,3,61,23,9,89,2,1,2,5,0,1,1,0,0,0,0.4792626728110599,0.8202764976958525,1.5463917525773196,1.1855670103092784,0.16589861751152074,0.018433179723502304,0.04608294930875576,0.20618556701030927,0.5207373271889402,1.1797235023041475,-1.5463917525773196,-0.18556701030927836,0.8341013824884793,-0.018433179723502304,-0.04608294930875576,-0.20618556701030927
durhara01,Ray Durham,Both,0.28503937007874014,0.45511811023622045,0.3641456582633053,158,635,126,181,67,35,8,19,9,36,9,105,73,6,289,25,4,8,10,6,2,1,0,1,2,7.125984251968504,11.377952755905511,7.974683544303797,4.2405063291139236,1.3779527559055118,0.31496062992125984,0.7480314960629921,2.2784810126582276,-3.1259842519685037,-3.377952755905511,-1.9746835443037973,-2.2405063291139236,-0.3779527559055118,-0.31496062992125984,0.25196850393700787,-0.27848101265822756
edmonji01,Jim Edmonds,Left,0.3071786310517529,0.5058430717863105,0.3683409436834094,154,599,115,184,91,42,1,25,2,7,5,114,57,1,303,61,21,45,16,13,17,6,0,6,0,18.737896494156928,30.85642737896494,11.948051948051948,9.454545454545455,4.277128547579299,0.10183639398998331,2.5459098497495827,0.7272727272727273,2.262103505843072,14.143572621035059,1.0519480519480524,7.545454545454545,1.7228714524207014,-0.10183639398998331,3.4540901502504173,-0.7272727272727273
encarju01,Juan Encarnacion,Right,0.32926829268292684,0.5609756097560976,0.36046511627906974,40,164,30,54,21,9,4,7,3,7,4,31,7,1,92,14,4,7,4,3,0,1,1,0,0,4.609756097560976,7.853658536585367,3,2.1,0.7682926829268293,0.34146341463414637,0.5975609756097562,0.7,-0.6097560975609762,-0.8536585365853666,0,-2.1,0.23170731707317072,0.6585365853658536,-0.5975609756097562,-0.7
ericksc01,Scott Erickson,Right,0,0,0.6,2,2,2,0,0,0,0,0,1,0,0,2,3,0,0,12,1,1,4,0,1,0,0,0,0,0,0,4,0,0,0,0,0,1,1,-4,1,0,0,0,0
erstada01,Darin Erstad,Left,0.29608938547486036,0.4860335195530726,0.35494880546075086,133,537,84,159,82,39,3,19,4,20,6,77,43,6,261,47,12,31,12,9,8,4,0,5,1,13.916201117318437,22.843575418994412,7.578947368421052,7.398496240601503,3.4134078212290504,0.26256983240223464,1.6629422718808193,1.8045112781954886,-1.9162011173184368,8.156424581005588,1.4210526315789478,0.6015037593984971,0.5865921787709496,-0.26256983240223464,3.3370577281191807,-0.8045112781954886
estalbo02,Bobby Estalella,Right,0.18787878787878787,0.38181818181818183,0.25139664804469275,47,165,16,31,20,6,1,8,3,0,0,49,13,1,63,24,5,11,8,4,4,0,0,2,0,4.509090909090909,9.163636363636364,2.723404255319149,3.404255319148936,0.8727272727272727,0.14545454545454545,1.1636363636363636,0,0.4909090909090912,1.836363636363636,1.2765957446808511,0.5957446808510638,-0.8727272727272727,-0.14545454545454545,0.8363636363636364,0
fieldce01,Cecil Fielder,Right,0.23317307692307693,0.4014423076923077,0.32558139534883723,117,416,49,97,68,17,1,17,3,0,1,111,53,4,167,10,3,4,4,1,1,1,0,0,0,2.331730769230769,4.014423076923077,1.6752136752136753,2.324786324786325,0.40865384615384615,0.02403846153846154,0.40865384615384615,0,0.6682692307692308,-0.01442307692307665,-0.6752136752136753,-1.324786324786325,0.5913461538461539,-0.02403846153846154,-0.40865384615384615,0
frymatr01,Travis Fryman,Right,0.2872531418312388,0.5044883303411131,0.34271523178807944,146,557,74,160,96,33,2,28,4,10,8,125,44,3,281,54,12,31,14,9,11,4,0,5,0,15.511669658886895,27.242369838420107,7.095890410958905,9.205479452054794,3.1992818671454217,0.1938958707360862,2.7145421903052065,0.958904109589041,-3.5116696588868948,3.7576301615798933,1.904109589041095,1.794520547945206,0.8007181328545783,-0.1938958707360862,2.2854578096947935,-0.958904109589041
gaettga01,Gary Gaetti,Right,0.28110599078341014,0.49539170506912444,0.3593429158110883,128,434,60,122,70,34,1,19,5,1,1,62,43,10,215,16,2,3,7,0,2,1,0,0,0,4.497695852534562,7.926267281105991,3.28125,3.828125,1.2534562211981566,0.03686635944700461,0.7004608294930875,0.0546875,-2.4976958525345623,-4.926267281105991,-3.28125,-1.828125,-0.2534562211981566,-0.03686635944700461,-0.7004608294930875,-0.0546875
galaran01,Andres Galarraga,Right,0.3045045045045045,0.5945945945945946,0.39968895800933124,153,555,103,169,121,27,1,44,5,7,6,146,63,25,330,65,25,42,16,12,10,2,0,5,0,19.792792792792792,38.64864864864865,10.77124183006536,12.65359477124183,3.1621621621621623,0.11711711711711711,5.153153153153153,0.7320261437908496,5.207207207207208,3.3513513513513473,1.2287581699346397,-2.6535947712418295,-1.1621621621621623,-0.11711711711711711,-0.15315315315315292,-0.7320261437908496
gantro01,Ron Gant,Right,0.2402088772845953,0.4934725848563969,0.33256880733944955,121,383,60,92,67,17,1,26,2,8,0,92,51,2,189,30,7,15,8,3,3,2,0,2,0,7.2062663185378595,14.804177545691907,3.9669421487603307,4.429752066115703,1.3315926892950392,0.0783289817232376,2.0365535248041775,0.5289256198347108,-0.20626631853785948,0.19582245430809309,-0.9669421487603307,-1.4297520661157028,0.6684073107049608,-0.0783289817232376,-0.036553524804177506,-0.5289256198347108
garcino01,Nomar Garciaparra,Right,0.3228476821192053,0.5844370860927153,0.36589147286821705,143,604,111,195,122,37,8,35,7,12,6,62,33,8,353,46,15,19,11,5,4,4,0,0,0,14.850993377483443,26.884105960264904,8.538461538461538,9.384615384615385,2.8178807947019866,0.609271523178808,2.6655629139072845,0.9230769230769231,0.14900662251655739,-7.884105960264904,-3.5384615384615383,-5.384615384615385,1.1821192052980134,-0.609271523178808,-2.6655629139072845,-0.9230769230769231
giambja01,Jason Giambi,Left,0.29537366548042704,0.4893238434163701,0.3888888888888889,153,562,92,166,110,28,0,27,9,2,2,102,81,5,275,8,3,3,4,0,0,0,0,0,0,2.3629893238434163,3.9145907473309607,2.4052287581699345,2.8758169934640523,0.398576512455516,0,0.38434163701067614,0.05228758169934641,0.6370106761565837,-0.9145907473309607,-2.4052287581699345,-2.8758169934640523,-0.398576512455516,0,-0.38434163701067614,-0.05228758169934641
gilkebe01,Bernard Gilkey,Right,0.2328767123287671,0.3150684931506849,0.3220338983050847,111,365,41,85,33,15,0,5,6,9,3,80,43,5,115,3,0,0,7,1,0,0,0,0,0,0.6986301369863013,0.9452054794520548,2.5855855855855854,2.081081081081081,0.1232876712328767,0,0.0410958904109589,0.5675675675675675,-0.6986301369863013,-0.9452054794520548,-1.5855855855855854,-2.081081081081081,-0.1232876712328767,0,-0.0410958904109589,-0.5675675675675675
girarjo01,Joe Girardi,Right,0.27559055118110237,0.3858267716535433,0.31851851851851853,78,254,31,70,31,11,4,3,9,2,4,38,14,2,98,19,6,7,5,2,1,1,0,0,0,5.236220472440945,7.330708661417322,1.987179487179487,1.987179487179487,0.8228346456692913,0.2992125984251969,0.22440944881889763,0.1282051282051282,0.7637795275590546,-0.33070866141732225,0.012820512820512997,-0.987179487179487,0.17716535433070868,-0.2992125984251969,-0.22440944881889763,-0.1282051282051282
glanvdo01,Doug Glanville,Right,0.27876106194690264,0.37610619469026546,0.32644628099173556,158,678,106,189,49,28,7,8,9,23,6,89,42,6,255,69,17,23,17,11,2,1,1,1,2,19.234513274336283,25.951327433628318,11.405063291139241,5.272151898734177,2.849557522123894,0.7123893805309734,0.8141592920353982,2.4746835443037973,-2.234513274336283,-2.951327433628318,-0.4050632911392409,-3.272151898734177,-1.8495575221238938,0.28761061946902655,0.18584070796460184,-0.47468354430379733
glavito02,Tom Glavine,Left,0.23943661971830985,0.28169014084507044,0.25,32,71,3,17,7,3,0,0,14,0,0,15,1,0,20,11,2,4,4,2,0,2,0,0,0,2.6338028169014085,3.098591549295775,0.375,0.875,0.4647887323943662,0,0,0,-0.6338028169014085,0.901408450704225,1.625,-0.875,1.5352112676056338,0,0,0
gonzaju03,Juan Gonzalez,Right,0.3184818481848185,0.6303630363036303,0.3723404255319149,154,606,110,193,157,50,2,45,11,2,1,126,46,6,382,54,15,38,13,10,14,3,1,6,0,17.198019801980198,34.039603960396036,9.285714285714286,13.253246753246753,4.455445544554456,0.1782178217821782,4.00990099009901,0.16883116883116883,-2.198019801980198,3.960396039603964,0.7142857142857135,0.7467532467532472,-1.4554455445544559,0.8217821782178218,1.99009900990099,-0.16883116883116883
gracemi02,Mike Grace,Right,0.08695652173913043,0.08695652173913043,0.16,21,23,1,2,1,0,0,0,3,0,0,11,2,0,2,1,0,0,2,0,0,0,0,0,0,0.08695652173913043,0.08695652173913043,0.09523809523809523,0.09523809523809523,0,0,0,0,-0.08695652173913043,-0.08695652173913043,-0.09523809523809523,-0.09523809523809523,0,0,0,0
greensh01,Shawn Green,Left,0.2777777777777778,0.5095238095238095,0.3357664233576642,158,630,106,175,100,33,4,35,4,35,12,142,50,5,321,19,3,7,6,2,5,1,0,1,0,5.277777777777778,9.68095238095238,4.025316455696203,3.79746835443038,0.9952380952380953,0.12063492063492064,1.0555555555555556,1.3291139240506329,-2.2777777777777777,-2.6809523809523803,-2.0253164556962027,1.20253164556962,0.004761904761904745,-0.12063492063492064,-0.05555555555555558,-1.3291139240506329
greenty01,Tyler Green,Right,0.14634146341463414,0.17073170731707318,0.18604651162790697,25,41,2,6,3,1,0,0,8,0,0,21,2,0,7,2,0,0,3,0,0,0,0,0,0,0.2926829268292683,0.34146341463414637,0.24,0.36,0.04878048780487805,0,0,0,-0.2926829268292683,-0.34146341463414637,-0.24,-0.36,-0.04878048780487805,0,0,0
griffke02,Ken Griffey Jr.,Left,0.2843601895734597,0.6113744075829384,0.36731843575418993,161,633,120,180,146,33,3,56,4,20,5,121,76,7,387,54,12,20,14,6,10,5,0,1,1,15.355450236966824,33.014218009478675,10.434782608695652,12.695652173913045,2.815165876777251,0.2559241706161138,4.777251184834124,1.7391304347826086,-3.355450236966824,-13.014218009478675,-4.434782608695652,-2.695652173913045,2.184834123222749,-0.2559241706161138,-3.7772511848341237,-0.7391304347826086
grissma02,Marquis Grissom,Right,0.27121771217712176,0.38191881918819187,0.3045774647887324,142,542,57,147,60,28,1,10,4,13,8,78,24,2,207,38,11,16,11,6,5,2,0,1,0,10.306273062730627,14.512915129151292,4.415492957746479,4.647887323943662,1.96309963099631,0.07011070110701106,0.7011070110701108,1.0070422535211268,0.6937269372693731,1.487084870848708,1.584507042253521,0.352112676056338,0.03690036900368998,-0.07011070110701106,0.29889298892988925,-1.0070422535211268
guerrvl01,Vladimir Guerrero,Right,0.32423756019261635,0.5890850722311396,0.37351190476190477,159,623,108,202,109,37,7,38,5,11,9,95,42,7,367,26,6,7,9,2,3,1,0,0,0,8.430176565008026,15.316211878009629,6.113207547169811,6.169811320754716,1.5441412520064206,0.29213483146067415,1.5858747993579454,0.6226415094339622,-2.4301765650080256,-8.316211878009629,-4.113207547169811,-3.1698113207547163,-0.5441412520064206,-0.29213483146067415,-1.5858747993579454,-0.6226415094339622
hammoje01,Jeffrey Hammonds,Right,0.2801556420233463,0.4280155642023346,0.38127090301003347,89,257,50,72,39,16,2,6,7,8,3,56,39,3,110,11,1,2,4,0,1,1,0,0,0,3.0817120622568095,4.708171206225681,2.247191011235955,1.752808988764045,0.6848249027237354,0.08560311284046693,0.25680933852140075,0.3595505617977528,-2.0817120622568095,-2.708171206225681,-2.247191011235955,-0.752808988764045,0.3151750972762646,-0.08560311284046693,-0.25680933852140075,-0.3595505617977528
heltoto01,Todd Helton,Left,0.3150943396226415,0.530188679245283,0.3837011884550085,152,530,78,167,97,37,1,25,6,3,3,54,53,6,281,56,16,30,15,7,13,5,0,3,0,17.645283018867925,29.69056603773585,7.697368421052632,9.572368421052632,3.909433962264151,0.10566037735849057,2.6415094339622645,0.29605263157894735,-1.645283018867925,0.3094339622641513,-0.6973684210526319,3.427631578947368,1.090566037735849,-0.10566037735849057,0.35849056603773555,-0.29605263157894735
henderi01,Rickey Henderson,Right,0.23616236162361623,0.34686346863468637,0.3774436090225564,152,542,101,128,57,16,1,14,5,66,13,114,118,5,188,34,10,13,10,8,6,3,0,0,0,8.029520295202952,11.793357933579337,6.644736842105264,3.75,1.003690036900369,0.06273062730627306,0.8782287822878229,4.342105263157895,1.9704797047970484,1.2066420664206632,1.3552631578947363,2.25,1.996309963099631,-0.06273062730627306,-0.8782287822878229,-4.342105263157895
hershor01,Orel Hershiser,Right,0.15151515151515152,0.18181818181818182,0.2,34,66,7,10,1,2,0,0,8,1,0,16,3,1,12,5,2,3,3,1,0,1,0,0,0,0.7575757575757576,0.9090909090909092,0.6176470588235294,0.08823529411764705,0.15151515151515152,0,0,0.08823529411764705,1.2424242424242424,2.090909090909091,0.38235294117647056,-0.08823529411764705,0.8484848484848485,0,0,-0.08823529411764705
jeffegr01,Gregg Jefferies,Both,0.3009009009009009,0.41081081081081083,0.3367521367521368,144,555,72,167,58,28,3,9,7,12,3,32,29,1,228,42,15,20,11,5,9,2,0,1,3,12.637837837837838,17.254054054054055,5.5,4.430555555555555,2.118918918918919,0.22702702702702704,0.6810810810810811,0.9166666666666666,2.3621621621621625,2.7459459459459445,-0.5,4.569444444444445,-0.11891891891891904,-0.22702702702702704,0.3189189189189189,2.0833333333333335
jeterde01,Derek Jeter,Right,0.3242811501597444,0.48083067092651754,0.3851744186046512,149,626,127,203,84,25,8,19,6,30,6,119,57,5,301,62,16,27,14,9,5,5,0,2,2,20.10543130990415,29.81150159744409,11.93288590604027,7.892617449664429,2.476038338658147,0.792332268370607,1.8817891373801916,2.8187919463087248,-4.1054313099041515,-2.8115015974440887,-2.932885906040269,-2.892617449664429,2.523961661341853,-0.792332268370607,0.1182108626198084,-0.8187919463087248
jonesan01,Andruw Jones,Right,0.27147766323024053,0.5154639175257731,0.3226837060702875,159,582,89,158,90,33,8,31,5,27,4,129,40,4,300,38,9,18,13,6,4,0,0,3,0,10.31615120274914,19.58762886597938,7.276729559748428,7.3584905660377355,2.154639175257732,0.5223367697594502,2.0240549828178693,2.2075471698113205,-1.3161512027491398,-1.5876288659793794,-1.2767295597484276,-3.3584905660377355,-2.154639175257732,-0.5223367697594502,0.9759450171821307,-2.2075471698113205
jonesch06,Chipper Jones,Both,0.31281198003327787,0.5474209650582362,0.40830945558739257,160,601,123,188,107,29,5,34,9,16,6,93,96,1,329,67,15,29,16,10,6,5,0,3,0,20.958402662229616,36.67720465890183,12.3,10.7,3.232945091514143,0.5574043261231281,3.790349417637271,1.6,-5.9584026622296165,-7.677204658901829,-2.3000000000000007,-4.699999999999999,1.7670549084858571,-0.5574043261231281,-0.790349417637271,-1.6
jordake01,Kevin Jordan,Right,0.276,0.352,0.3038461538461538,112,250,23,69,27,13,0,2,1,0,0,30,8,2,88,28,7,8,10,1,3,1,0,0,0,7.728000000000001,9.856,2.0535714285714284,2.4107142857142856,1.456,0,0.224,0,-0.7280000000000006,-1.8559999999999999,-1.0535714285714284,0.5892857142857144,-0.45599999999999996,0,-0.224,0
justida01,David Justice,Left,0.2796296296296296,0.4759259259259259,0.3685064935064935,146,540,94,151,88,39,2,21,9,9,3,98,76,0,257,47,12,21,14,8,7,3,0,2,0,13.142592592592592,22.368518518518517,9.013698630136986,8.438356164383562,3.394444444444444,0.17407407407407408,1.8277777777777777,0.8630136986301369,-1.1425925925925924,-1.368518518518517,-1.013698630136986,-1.4383561643835616,-0.39444444444444393,-0.17407407407407408,0.17222222222222228,-0.8630136986301369
karroer01,Eric Karros,Right,0.2958579881656805,0.47534516765285995,0.3590664272890485,139,507,59,150,87,20,1,23,7,7,2,93,47,3,241,15,6,11,5,2,2,2,0,1,0,4.437869822485207,7.1301775147929,2.1223021582733814,3.129496402877698,0.591715976331361,0.02958579881656805,0.6804733727810651,0.2517985611510791,1.5621301775147929,3.8698224852071004,-0.12230215827338142,-1.129496402877698,1.4082840236686391,-0.02958579881656805,0.3195266272189349,-0.2517985611510791
kendaja01,Jason Kendall,Right,0.32710280373831774,0.47289719626168225,0.4165316045380875,149,535,95,175,75,36,3,12,10,26,5,51,51,31,253,41,13,16,13,6,6,1,1,0,2,13.411214953271028,19.388785046728973,8.288590604026846,6.543624161073826,2.7588785046728974,0.22990654205607475,0.919626168224299,2.2684563758389262,-0.41121495327102764,-3.388785046728973,-2.2885906040268456,-0.5436241610738257,-1.7588785046728974,0.7700934579439253,-0.919626168224299,-0.26845637583892623
kentje01,Jeff Kent,Right,0.2965779467680608,0.5551330798479087,0.3653516295025729,137,526,94,156,128,37,3,31,11,9,4,110,48,9,292,31,8,17,10,7,5,3,0,2,0,9.193916349809886,17.20912547528517,6.86131386861314,9.343065693430656,2.1806083650190113,0.17680608365019013,1.826996197718631,0.6569343065693432,-1.1939163498098857,-0.20912547528516967,0.13868613138686037,-4.343065693430656,0.8193916349809887,-0.17680608365019013,0.1730038022813689,-0.6569343065693432
kileda01,Darryl Kile,Right,0.2535211267605634,0.323943661971831,0.29333333333333333,37,71,5,18,5,5,0,0,9,0,0,22,4,0,23,3,0,0,3,0,0,0,0,0,0,0.7605633802816901,0.971830985915493,0.40540540540540543,0.40540540540540543,0.2112676056338028,0,0,0,-0.7605633802816901,-0.971830985915493,-0.40540540540540543,-0.40540540540540543,-0.2112676056338028,0,0,0
kleskry01,Ryan Klesko,Left,0.27400468384074944,0.47306791569086654,0.36213991769547327,129,427,69,117,70,29,1,18,4,5,3,66,56,3,202,8,0,0,5,0,0,0,0,0,0,2.1920374707259955,3.7845433255269323,2.6744186046511627,2.7131782945736433,0.5433255269320844,0.01873536299765808,0.3372365339578454,0.1937984496124031,-2.1920374707259955,-3.7845433255269323,-2.6744186046511627,-2.7131782945736433,-0.5433255269320844,-0.01873536299765808,-0.3372365339578454,-0.1937984496124031
knoblch01,Chuck Knoblauch,Right,0.26533996683250416,0.4046434494195688,0.36441893830703015,150,603,117,160,64,25,4,17,9,31,12,70,76,18,244,42,10,16,11,9,2,4,1,0,0,11.144278606965175,16.99502487562189,8.58,4.693333333333333,1.7412935323383083,0.27860696517412936,1.1840796019900497,2.2733333333333334,-1.144278606965175,-0.9950248756218905,0.41999999999999993,-2.6933333333333334,2.2587064676616917,0.7213930348258706,-1.1840796019900497,-2.2733333333333334
knorrra01,Randy Knorr,Right,0.20408163265306123,0.4489795918367347,0.22,15,49,4,10,11,4,1,2,1,0,0,10,1,0,22,17,6,10,5,4,3,1,0,1,0,3.4693877551020407,7.63265306122449,1.3333333333333333,3.6666666666666665,1.3877551020408163,0.3469387755102041,0.6938775510204082,0,2.5306122448979593,2.36734693877551,2.666666666666667,-0.6666666666666665,-0.3877551020408163,-0.3469387755102041,0.30612244897959184,0
langsma01,Mark Langston,Right,0.08333333333333333,0.125,0.15384615384615385,22,24,0,2,2,1,0,0,4,0,0,9,2,0,3,2,0,0,3,0,0,0,0,0,0,0.16666666666666666,0.25,0,0.2727272727272727,0.08333333333333333,0,0,0,-0.16666666666666666,-0.25,0,-0.2727272727272727,-0.08333333333333333,0,0,0
lankfra01,Ray Lankford,Left,0.2926829268292683,0.5403377110694184,0.39389067524115756,154,533,94,156,105,37,1,31,4,26,5,151,86,3,288,38,15,24,10,4,11,4,1,1,1,11.121951219512194,20.5328330206379,6.103896103896104,6.8181818181818175,2.6378986866791747,0.07129455909943715,2.2101313320825517,1.6883116883116882,3.8780487804878057,3.4671669793621014,-2.103896103896104,4.1818181818181825,1.3621013133208253,0.9287054409005628,-1.2101313320825517,-0.6883116883116882
lansimi01,Mike Lansing,Right,0.2756849315068493,0.410958904109589,0.32643312101910826,153,584,73,161,66,39,2,12,10,10,3,88,39,5,240,4,2,2,8,1,1,0,0,0,0,1.1027397260273972,1.643835616438356,3.816993464052288,3.450980392156863,0.2671232876712329,0.0136986301369863,0.0821917808219178,0.5228758169934641,0.8972602739726028,0.3561643835616439,-2.816993464052288,-2.450980392156863,-0.2671232876712329,-0.0136986301369863,-0.0821917808219178,-0.5228758169934641
larkiba01,Barry Larkin,Right,0.30855018587360594,0.5037174721189591,0.3990306946688207,145,538,93,166,72,34,10,17,7,26,3,69,79,2,271,71,17,31,15,10,6,3,1,3,1,21.907063197026023,35.7639405204461,9.620689655172413,7.448275862068965,4.486988847583643,1.3197026022304834,2.2434944237918213,2.689655172413793,-4.907063197026023,-4.7639405204460985,0.3793103448275872,-1.4482758620689653,-1.4869888475836426,-0.3197026022304834,0.7565055762081787,-1.6896551724137931
ledesaa01,Aaron Ledesma,Right,0.32441471571906355,0.3979933110367893,0.34627831715210355,95,299,30,97,29,16,3,0,6,9,7,51,9,1,119,10,5,6,6,0,1,1,0,0,0,3.2441471571906355,3.979933110367893,1.894736842105263,1.831578947368421,0.5351170568561873,0.10033444816053512,0,0.5684210526315789,1.7558528428093645,2.020066889632107,-1.894736842105263,-0.831578947368421,0.46488294314381273,-0.10033444816053512,0,-0.5684210526315789
lewisma01,Mark Lewis,Right,0.24903474903474904,0.34942084942084944,0.3163444639718805,142,518,52,129,54,21,2,9,11,3,3,111,48,3,181,33,3,4,14,1,0,1,0,0,0,8.218146718146718,11.53088803088803,5.126760563380282,5.323943661971831,1.337837837837838,0.1274131274131274,0.5733590733590733,0.29577464788732394,-5.218146718146718,-7.530888030888031,-4.126760563380282,-5.323943661971831,-0.33783783783783794,-0.1274131274131274,-0.5733590733590733,-0.29577464788732394
leyriji01,Jim Leyritz,Right,0.2757352941176471,0.46691176470588236,0.39009287925696595,114,272,34,75,42,16,0,12,5,0,0,74,42,9,127,27,7,12,9,6,6,0,1,1,0,7.444852941176471,12.606617647058824,2.6842105263157894,3.31578947368421,1.588235294117647,0,1.1911764705882353,0,-0.444852941176471,-0.6066176470588243,3.3157894736842106,2.68421052631579,-1.588235294117647,1,-0.19117647058823528,0
liebemi01,Mike Lieberthal,Right,0.25559105431309903,0.3993610223642173,0.3086053412462908,86,313,39,80,45,15,3,8,5,2,1,44,17,7,125,32,7,8,9,0,1,1,0,0,1,8.178913738019169,12.779552715654953,4.0813953488372094,4.709302325581396,1.5335463258785942,0.30670926517571884,0.8178913738019169,0.20930232558139533,-1.178913738019169,-4.779552715654953,-4.0813953488372094,-3.7093023255813957,-0.5335463258785942,-0.30670926517571884,-0.8178913738019169,0.7906976744186047
loeweca01,Carlton Loewer,Right,0.08571428571428572,0.08571428571428572,0.15789473684210525,20,35,4,3,1,0,0,0,5,0,0,10,3,0,3,1,0,0,1,0,0,0,0,0,0,0.08571428571428572,0.08571428571428572,0.2,0.05,0,0,0,0,-0.08571428571428572,-0.08571428571428572,-0.2,-0.05,0,0,0,0
loftoke01,Kenny Lofton,Left,0.2816666666666667,0.41333333333333333,0.37445573294629897,154,600,101,169,64,31,6,12,9,54,10,80,87,2,248,61,18,22,14,14,8,4,0,0,1,17.18166666666667,25.213333333333335,9.181818181818183,5.818181818181818,3.151666666666667,0.61,1.22,4.909090909090909,0.8183333333333316,-3.2133333333333347,4.818181818181817,2.1818181818181817,0.8483333333333332,-0.61,-1.22,-3.909090909090909
lopezja01,Javy Lopez,Right,0.2842535787321063,0.5398773006134969,0.3333333333333333,133,489,73,139,106,21,1,34,9,5,3,85,30,6,264,41,10,22,12,9,10,0,0,4,0,11.654396728016359,22.134969325153374,6.586466165413534,9.56390977443609,1.7607361963190185,0.08384458077709613,2.850715746421268,0.45112781954887216,-1.6543967280163585,-0.13496932515337434,2.413533834586466,0.43609022556391075,-1.7607361963190185,-0.08384458077709613,1.149284253578732,-0.45112781954887216
lukema01,Matt Luke,Left,0.23430962343096234,0.4435146443514644,0.28793774319066145,104,239,34,56,34,12,1,12,2,2,1,60,17,1,106,2,0,0,2,0,0,0,0,0,0,0.4686192468619247,0.8870292887029289,0.6538461538461539,0.6538461538461539,0.100418410041841,0.008368200836820083,0.100418410041841,0.038461538461538464,-0.4686192468619247,-0.8870292887029289,-0.6538461538461539,-0.6538461538461539,-0.100418410041841,-0.008368200836820083,-0.100418410041841,-0.038461538461538464
mabryjo01,John Mabry,Left,0.2493368700265252,0.3793103448275862,0.30637254901960786,142,377,41,94,46,22,0,9,5,0,2,76,30,1,143,19,3,8,9,1,4,2,0,1,0,4.737400530503979,7.206896551724138,2.5985915492957745,2.915492957746479,1.1087533156498675,0,0.4535809018567639,0,-1.7374005305039786,0.7931034482758621,-1.5985915492957745,1.084507042253521,0.8912466843501325,0,0.5464190981432361,0
maddugr01,Greg Maddux,Right,0.24,0.28,0.27848101265822783,31,75,4,18,4,3,0,0,6,0,1,18,4,0,21,6,0,0,2,0,0,0,0,0,0,1.44,1.6800000000000002,0.25806451612903225,0.25806451612903225,0.24,0,0,0,-1.44,-1.6800000000000002,-0.25806451612903225,-0.25806451612903225,-0.24,0,0,0
mageewe01,Wendell Magee,Right,0.29333333333333333,0.44,0.35365853658536583,20,75,9,22,11,6,1,1,0,0,0,11,7,0,33,21,6,6,5,1,1,0,0,0,0,6.16,9.24,2.25,2.75,1.68,0.28,0.28,0,-0.16000000000000014,-3.24,-1.25,-1.75,-1.68,-0.28,-0.28,0
martipe02,Pedro Martinez,Right,0,0,0,2,7,0,0,0,0,0,0,0,0,0,5,0,0,0,6,0,0,4,0,0,0,0,0,0,0,0,0,0,0,0,0,0,0,0,0,0,0,0,0,0
martira02,Ramon Martinez,Left,0.17647058823529413,0.2647058823529412,0.17647058823529413,15,34,3,6,1,1,1,0,5,0,0,16,0,0,9,5,0,0,3,0,0,0,0,0,0,0.8823529411764707,1.3235294117647058,0.6000000000000001,0.2,0.14705882352941177,0.14705882352941177,0,0,-0.8823529411764707,-1.3235294117647058,-0.6000000000000001,-0.2,-0.14705882352941177,-0.14705882352941177,0,0
mcgwima01,Mark McGwire,Right,0.29862475442043224,0.7524557956777996,0.4726735598227474,155,509,130,152,147,21,0,70,4,1,0,155,162,6,383,51,17,47,14,14,20,3,0,9,0,15.229862475442044,38.37524557956778,11.741935483870968,13.27741935483871,2.1041257367387036,0,7.013752455795679,0.09032258064516129,1.7701375245579563,8.624754420432218,2.258064516129032,6.72258064516129,0.8958742632612964,0,1.9862475442043213,-0.09032258064516129
mclemma01,Mark McLemore,Both,0.2472885032537961,0.31670281995661603,0.3713768115942029,126,461,79,114,53,15,1,5,15,12,4,64,89,2,146,22,4,5,8,5,2,1,0,0,0,5.440347071583514,6.967462039045553,5.015873015873016,3.365079365079365,0.7158351409978307,0.04772234273318872,0.2386117136659436,0.7619047619047619,-1.4403470715835143,-1.9674620390455528,-0.015873015873015817,-1.3650793650793651,0.28416485900216926,-0.04772234273318872,-0.2386117136659436,-0.7619047619047619
molitpa01,Paul Molitor,Right,0.28087649402390436,0.38247011952191234,0.34124087591240876,126,502,75,141,69,29,5,4,11,9,2,41,45,1,192,4,0,0,5,1,0,0,0,0,0,1.1235059760956174,1.5298804780876494,2.9761904761904763,2.738095238095238,0.23107569721115537,0.0398406374501992,0.03187250996015936,0.3571428571428571,-1.1235059760956174,-1.5298804780876494,-1.9761904761904763,-2.738095238095238,-0.23107569721115537,-0.0398406374501992,-0.03187250996015936,-0.3571428571428571
mondera01,Raul Mondesi,Right,0.2793103448275862,0.496551724137931,0.3181076672104405,148,580,85,162,90,26,5,30,4,16,10,112,30,3,288,53,14,21,12,8,7,2,1,1,0,14.803448275862069,26.317241379310346,6.891891891891892,7.297297297297297,2.375862068965517,0.4568965517241379,2.7413793103448274,1.2972972972972974,-0.8034482758620687,-5.317241379310346,1.108108108108108,-0.29729729729729737,-0.375862068965517,0.5431034482758621,-1.7413793103448274,-1.2972972972972974
moranmi01,Mickey Morandini,Left,0.29553264604810997,0.3848797250859107,0.3815987933634992,154,582,93,172,53,20,4,8,6,13,1,84,72,9,224,57,18,18,16,9,3,0,0,0,6,16.84536082474227,21.938144329896907,9.662337662337663,5.5064935064935066,1.9587628865979383,0.3917525773195876,0.7835051546391752,1.3506493506493507,1.1546391752577314,-3.9381443298969074,-0.6623376623376629,-2.5064935064935066,-1.9587628865979383,-0.3917525773195876,-0.7835051546391752,4.64935064935065
mussimi01,Mike Mussina,Left,0,0,0,1,2,0,0,0,0,0,0,0,0,0,1,0,0,0,5,0,0,4,0,0,0,0,0,0,0,0,0,0,0,0,0,0,0,0,0,0,0,0,0,0
nenro01,Robb Nen,Right,0,0,0,75,3,0,0,0,0,0,0,0,0,0,2,0,0,0,2,0,0,5,0,0,0,0,0,0,0,0,0,0,0,0,0,0,0,0,0,0,0,0,0,0
nixonot01,Otis Nixon,Both,0.296875,0.34375,0.3623481781376518,110,448,71,133,20,6,6,1,6,37,7,56,44,2,154,29,8,8,10,6,0,0,0,0,1,8.609375,9.96875,6.454545454545455,1.8181818181818183,0.3883928571428571,0.3883928571428571,0.06473214285714285,3.3636363636363638,-0.609375,-1.96875,-0.45454545454545503,-1.8181818181818183,-0.3883928571428571,-0.3883928571428571,-0.06473214285714285,-2.3636363636363638
nomohi01,Hideo Nomo,Right,0.18,0.24,0.19607843137254902,28,50,4,9,5,0,0,1,4,0,0,17,1,0,12,7,1,1,2,0,1,0,0,0,0,1.26,1.68,0.2857142857142857,0.35714285714285715,0,0,0.14,0,-0.26,-0.6799999999999999,-0.2857142857142857,0.6428571428571428,0,0,-0.14,0
nunnajo01,Jon Nunnally,Left,0.20689655172413793,0.3793103448275862,0.3397129186602871,74,174,29,36,20,9,0,7,4,3,4,38,34,1,66,7,0,0,6,0,1,0,0,0,0,1.4482758620689655,2.655172413793103,2.3513513513513513,1.6216216216216217,0.3620689655172414,0,0.28160919540229884,0.24324324324324326,-1.4482758620689655,-2.655172413793103,-2.3513513513513513,-0.6216216216216217,-0.3620689655172414,0,-0.28160919540229884,-0.24324324324324326
offerjo01,Jose Offerman,Both,0.31466227347611203,0.4382207578253707,0.4065620542082739,158,607,102,191,66,28,13,7,8,45,12,96,89,5,266,26,8,9,9,10,1,1,0,0,1,8.181219110378914,11.393739703459637,5.810126582278481,3.759493670886076,1.199341021416804,0.556836902800659,0.299835255354201,2.5632911392405067,-0.18121911037891358,-2.3937397034596373,4.189873417721519,-2.759493670886076,-0.1993410214168041,-0.556836902800659,-0.299835255354201,-1.5632911392405067
olsongr01,Gregg Olson,Right,0.5,2,0.5,62,2,1,1,2,0,0,1,0,0,0,1,0,0,4,1,1,1,3,0,0,0,0,0,0,0.5,2,0.04838709677419355,0.0967741935483871,0,0,0.5,0,0.5,-1,-0.04838709677419355,-0.0967741935483871,0,0,-0.5,0
palmera01,Rafael Palmeiro,Left,0.2956381260096931,0.5654281098546042,0.38156028368794326,162,619,98,183,121,36,1,43,4,11,7,91,79,7,350,28,7,14,9,6,7,1,0,2,0,8.277867528271406,15.831987075928918,5.444444444444445,6.722222222222222,1.62843295638126,0.04523424878836834,1.9450726978998385,0.611111111111111,-1.2778675282714058,-1.831987075928918,0.5555555555555554,0.2777777777777777,-0.6284329563812601,-0.04523424878836834,0.0549273021001615,-0.611111111111111
parenma01,Mark Parent,Right,0.22123893805309736,0.2831858407079646,0.2845528455284553,34,113,7,25,13,4,0,1,3,1,1,30,10,0,32,12,2,2,6,0,0,0,0,0,0,2.6548672566371683,3.398230088495575,1.2352941176470589,2.2941176470588234,0.4247787610619469,0,0.10619469026548672,0.1764705882352941,-0.6548672566371683,-1.3982300884955752,-1.2352941176470589,-2.2941176470588234,-0.4247787610619469,0,-0.10619469026548672,-0.1764705882352941
parkch01,Chan Ho Park,Right,0.19444444444444445,0.25,0.21621621621621623,33,72,2,14,3,2,1,0,6,0,0,30,2,0,18,8,0,0,4,0,0,0,0,0,0,1.5555555555555556,2,0.24242424242424243,0.36363636363636365,0.2222222222222222,0.1111111111111111,0,0,-1.5555555555555556,-2,-0.24242424242424243,-0.36363636363636365,-0.2222222222222222,-0.1111111111111111,0,0
perezed01,Eduardo Perez,Right,0.23837209302325582,0.3313953488372093,0.3282051282051282,84,172,20,41,30,4,0,4,3,0,1,45,21,2,57,5,0,0,2,0,0,0,0,0,0,1.1918604651162792,1.6569767441860463,0.47619047619047616,0.7142857142857143,0.11627906976744186,0,0.11627906976744186,0,-1.1918604651162792,-1.6569767441860463,-0.47619047619047616,-0.7142857142857143,-0.11627906976744186,0,-0.11627906976744186,0
pettian01,Andy Pettitte,Left,0,0,0,2,4,0,0,0,0,0,0,2,0,0,3,0,0,0,8,0,0,3,0,0,0,0,0,0,0,0,0,0,0,0,0,0,0,0,0,0,0,0,0,0
piazzmi01,Mike Piazza,Right,0.32798573975044565,0.5704099821746881,0.392914653784219,151,561,88,184,111,38,1,32,5,1,0,80,58,2,320,66,20,34,16,9,14,2,0,4,0,21.647058823529413,37.64705882352941,9.324503311258278,11.76158940397351,4.470588235294118,0.11764705882352941,3.764705882352941,0.10596026490066225,-1.647058823529413,-3.647058823529413,-0.3245033112582778,2.2384105960264904,-2.4705882352941178,-0.11764705882352941,0.23529411764705888,-0.10596026490066225
portuma01,Mark Portugal,Right,0.26,0.36,0.3148148148148148,24,50,6,13,4,5,0,0,4,0,0,10,4,0,18,6,3,5,3,1,1,2,0,0,0,1.56,2.16,0.75,0.5,0.6000000000000001,0,0,0,1.44,2.84,0.25,0.5,1.4,0,0,0
posadjo01,Jorge Posada,Both,0.2681564245810056,0.4748603351955307,0.3530864197530864,111,358,56,96,63,23,0,17,4,0,1,92,47,0,170,19,8,25,8,6,7,2,0,5,0,5.094972067039106,9.022346368715084,4.036036036036036,4.54054054054054,1.2206703910614525,0,0.9022346368715084,0,2.905027932960894,15.977653631284916,1.9639639639639643,2.4594594594594597,0.7793296089385475,0,4.097765363128492,0
prattto02,Todd Pratt,Right,0.2753623188405797,0.5217391304347826,0.29577464788732394,41,69,9,19,18,9,1,2,0,0,0,20,2,0,36,22,8,20,6,4,7,6,0,2,0,6.057971014492754,11.478260869565217,1.3170731707317074,2.6341463414634148,2.869565217391304,0.31884057971014496,0.6376811594202899,0,1.9420289855072461,8.521739130434783,2.6829268292682924,4.365853658536585,3.130434782608696,-0.31884057971014496,1.36231884057971,0
princto01,Tom Prince,Right,0.18518518518518517,0.2716049382716049,0.26666666666666666,37,81,7,15,5,5,1,0,2,0,0,24,7,2,22,2,0,0,4,0,0,0,0,0,0,0.37037037037037035,0.5432098765432098,0.7567567567567568,0.5405405405405406,0.12345679012345678,0.024691358024691357,0,0,-0.37037037037037035,-0.5432098765432098,-0.7567567567567568,-0.5405405405405406,-0.12345679012345678,-0.024691358024691357,0,0
ramirma02,Manny Ramirez,Right,0.29422066549912435,0.5989492119089317,0.38284839203675347,150,571,108,168,145,35,2,45,10,5,3,121,76,6,342,34,10,14,12,5,5,1,0,1,0,10.003502626970228,20.36427320490368,8.64,11.6,2.084063047285464,0.1190893169877408,2.679509632224168,0.4,-0.003502626970227851,-6.364273204903679,-3.6400000000000006,-6.6,-1.084063047285464,-0.1190893169877408,-1.679509632224168,-0.4
relafde01,Desi Relaford,Both,0.24493927125506074,0.33805668016194335,0.2962264150943396,142,494,45,121,41,25,3,5,16,9,5,87,33,3,167,41,9,10,13,2,2,1,0,0,1,10.04251012145749,13.860323886639677,4.119718309859155,3.7535211267605635,2.074898785425101,0.24898785425101214,0.4149797570850203,0.823943661971831,-1.0425101214574894,-3.8603238866396765,-2.119718309859155,-1.7535211267605635,-1.074898785425101,-0.24898785425101214,-0.4149797570850203,0.176056338028169
renteed01,Edgar Renteria,Right,0.28239845261121854,0.34235976789168276,0.34797891036906853,133,517,79,146,31,18,2,3,11,41,22,78,48,4,177,46,8,10,14,6,2,2,0,0,1,12.990328820116053,15.748549323017407,8.31578947368421,3.263157894736842,1.6015473887814313,0.17794970986460348,0.26692456479690524,4.315789473684211,-4.990328820116053,-5.748549323017407,-2.3157894736842106,-1.263157894736842,0.3984526112185687,-0.17794970986460348,-0.26692456479690524,-3.3157894736842106
reynoar02,Armando Reynoso,Right,0.16666666666666666,0.23333333333333334,0.16666666666666666,11,30,2,5,0,2,0,0,1,0,0,15,0,0,7,4,1,1,3,0,1,0,0,0,0,0.6666666666666666,0.9333333333333333,0.5454545454545454,0,0.26666666666666666,0,0,0,0.33333333333333337,0.06666666666666665,-0.5454545454545454,1,-0.26666666666666666,0,0,0
rhodear01,Arthur Rhodes,Left,0.5,0.5,0.5,2,2,0,1,0,0,0,0,0,0,0,1,0,0,1,1,0,0,8,0,0,0,0,0,0,0.5,0.5,0,0,0,0,0,0,-0.5,-0.5,0,0,0,0,0,0
ripkeca01,Cal Ripken Jr.,Right,0.27121464226289516,0.389351081530782,0.3323170731707317,161,601,65,163,61,27,1,14,3,0,2,68,51,4,234,16,3,6,7,1,4,0,0,1,0,4.3394342762063225,6.229617304492512,2.8260869565217392,2.652173913043478,0.718801996672213,0.026622296173044926,0.37271214642262895,0,-1.3394342762063225,-0.22961730449251228,-1.8260869565217392,1.347826086956522,-0.718801996672213,-0.026622296173044926,0.627287853577371,0
roberbi01,Bip Roberts,Both,0.2677966101694915,0.33559322033898303,0.34545454545454546,95,295,45,79,24,17,0,1,3,16,4,38,31,4,99,9,1,1,5,0,0,0,0,0,0,2.4101694915254237,3.020338983050847,2.3684210526315788,1.263157894736842,0.5186440677966102,0,0.030508474576271184,0.8421052631578947,-1.4101694915254237,-2.020338983050847,-2.3684210526315788,-1.263157894736842,-0.5186440677966102,0,-0.030508474576271184,-0.8421052631578947
rodrial01,Alex Rodriguez,Right,0.3104956268221574,0.5597667638483965,0.3616734143049933,161,686,123,213,124,35,5,42,7,46,13,121,45,10,384,51,18,35,13,11,14,0,1,5,2,15.835276967930028,28.548104956268222,9.93167701863354,10.012422360248447,2.6020408163265305,0.3717201166180758,3.122448979591837,3.714285714285714,2.164723032069972,6.451895043731778,1.0683229813664603,3.987577639751553,-2.6020408163265305,0.6282798833819242,1.8775510204081631,-1.714285714285714
rodriiv01,Ivan Rodriguez,Right,0.32124352331606215,0.5129533678756477,0.35993485342019543,145,579,88,186,91,40,4,21,3,9,0,88,32,3,297,47,16,23,13,5,13,4,0,1,2,15.09844559585492,24.108808290155444,7.889655172413793,8.158620689655173,3.2469775474956823,0.3246977547495682,1.704663212435233,0.8068965517241379,0.9015544041450791,-1.1088082901554444,-2.889655172413793,4.841379310344827,0.7530224525043177,-0.3246977547495682,-0.704663212435233,1.193103448275862
rogerke01,Kenny Rogers,Left,0,0,0,2,4,1,0,0,0,0,0,0,0,0,2,0,0,0,9,0,0,4,2,0,0,0,0,0,0,0,2,0,0,0,0,0,0,0,0,0,0,0,0,0
rolensc01,Scott Rolen,Right,0.2895174708818636,0.5324459234608985,0.3943262411347518,160,601,120,174,110,45,4,31,6,14,7,141,93,11,320,64,14,28,17,9,8,6,1,2,0,18.52911813643927,34.0765391014975,12.75,11.6875,4.792013311148087,0.4259567387687188,3.301164725457571,1.4874999999999998,-4.529118136439269,-6.076539101497502,-3.75,-3.6875,1.2079866888519133,0.5740432612312811,-1.301164725457571,-1.4874999999999998
sandere02,Reggie Sanders,Right,0.2681912681912682,0.4178794178794179,0.3469387755102041,135,481,83,129,59,18,6,14,6,20,9,137,51,7,201,3,0,0,4,0,1,0,0,0,0,0.8045738045738047,1.2536382536382538,2.4592592592592593,1.7481481481481482,0.11226611226611227,0.037422037422037424,0.08731808731808732,0.5925925925925926,-0.8045738045738047,-1.2536382536382538,-2.4592592592592593,-0.7481481481481482,-0.11226611226611227,-0.037422037422037424,-0.08731808731808732,-0.5925925925925926
saundto01,Tony Saunders,Left,1,1,1,1,2,0,2,0,0,0,0,0,0,0,0,0,0,2,4,2,2,3,0,0,0,0,0,0,4,4,0,0,0,0,0,0,-2,-2,0,0,0,0,0,0
schilcu01,Curt Schilling,Right,0.13157894736842105,0.15789473684210525,0.16455696202531644,33,76,3,10,3,2,0,0,12,0,0,26,3,0,12,11,1,1,4,0,0,0,0,0,0,1.4473684210526314,1.7368421052631577,0.36363636363636365,0.36363636363636365,0.2894736842105263,0,0,0,-0.4473684210526314,-0.7368421052631577,-0.36363636363636365,-0.36363636363636365,-0.2894736842105263,0,0,0
sefcike01,Kevin Sefcik,Right,0.3136094674556213,0.4319526627218935,0.4228855721393035,104,169,27,53,20,7,2,3,4,4,2,32,25,7,73,36,13,16,11,4,3,3,0,0,1,11.289940828402367,15.550295857988164,2.855769230769231,2.1153846153846154,1.4911242603550297,0.4260355029585799,0.6390532544378699,0.42307692307692313,1.7100591715976332,0.44970414201183573,1.1442307692307692,0.8846153846153846,1.5088757396449703,-0.4260355029585799,-0.6390532544378699,0.5769230769230769
seleaa01,Aaron Sele,Right,0.25,0.5,0.25,2,4,0,1,0,1,0,0,0,0,0,0,0,0,2,10,4,5,4,1,3,1,0,0,0,2.5,5,0,0,2.5,0,0,0,1.5,0,1,3,-1.5,0,0,0
servasc01,Scott Servais,Right,0.22153846153846155,0.3384615384615385,0.2893258426966292,113,325,35,72,36,15,1,7,4,1,0,51,26,5,110,21,2,2,6,1,1,0,0,0,0,4.6523076923076925,7.107692307692308,1.8584070796460175,1.911504424778761,0.9692307692307693,0.06461538461538462,0.4523076923076923,0.05309734513274336,-2.6523076923076925,-5.107692307692308,-0.8584070796460175,-0.9115044247787609,-0.9692307692307693,-0.06461538461538462,-0.4523076923076923,-0.05309734513274336
sexsori01,Richie Sexson,Right,0.3103448275862069,0.5919540229885057,0.3442622950819672,49,174,28,54,35,14,1,11,0,1,1,42,6,3,103,18,2,6,5,2,3,1,0,1,0,5.586206896551724,10.655172413793103,2.8571428571428568,3.5714285714285716,1.4482758620689655,0.10344827586206896,1.1379310344827587,0.1020408163265306,-3.586206896551724,-4.655172413793103,-0.8571428571428568,-0.5714285714285716,-0.4482758620689655,-0.10344827586206896,-0.13793103448275867,-0.1020408163265306
shawje01,Jeff Shaw,Right,0,0,0,68,2,0,0,0,0,0,0,1,0,0,2,0,0,0,1,0,0,7,0,0,0,0,0,0,0,0,0,0,0,0,0,0,0,0,0,0,0,0,0,0
sierrru01,Ruben Sierra,Both,0.21621621621621623,0.4594594594594595,0.24675324675324675,27,74,7,16,11,4,1,4,0,2,0,11,3,0,34,17,4,10,5,2,4,0,0,2,0,3.675675675675676,7.810810810810811,1.2962962962962963,2.0370370370370368,0.918918918918919,0.22972972972972974,0.918918918918919,0.37037037037037035,0.3243243243243241,2.1891891891891886,0.7037037037037037,1.9629629629629632,-0.918918918918919,-0.22972972972972974,1.0810810810810811,-0.37037037037037035
simmsmi01,Mike Simms,Right,0.2956989247311828,0.6129032258064516,0.38497652582159625,86,186,36,55,46,11,0,16,2,0,1,47,24,3,114,23,9,23,8,4,7,2,0,4,0,6.801075268817205,14.096774193548388,3.3488372093023258,4.27906976744186,1.360215053763441,0,1.9784946236559142,0,2.198924731182795,8.903225806451612,0.6511627906976742,2.72093023255814,0.639784946236559,0,2.021505376344086,0
sirotmi01,Mike Sirotka,Left,0,0,0.2,2,4,0,0,0,0,0,0,0,0,0,0,1,0,0,9,1,1,3,0,1,0,0,0,0,0,0,0,0,0,0,0,0,1,1,0,1,0,0,0,0
sosasa01,Sammy Sosa,Right,0.30793157076205285,0.6469673405909798,0.3793584379358438,159,643,134,198,158,20,0,66,5,18,9,171,73,1,416,65,25,51,15,17,17,2,0,8,0,20.015552099533437,42.05287713841369,12.641509433962264,14.90566037735849,2.021772939346812,0,6.671850699844479,1.6981132075471699,4.984447900466563,8.947122861586308,4.3584905660377355,2.0943396226415096,-0.021772939346811793,0,1.3281493001555207,-1.6981132075471699
spencsh01,Shane Spencer,Right,0.373134328358209,0.9104477611940298,0.4166666666666667,27,67,18,25,27,6,0,10,1,0,1,12,5,0,61,17,9,23,4,6,5,2,0,4,0,6.343283582089553,15.477611940298507,2.6666666666666665,4,1.5223880597014925,0,2.5373134328358207,0,2.656716417910447,7.522388059701493,3.3333333333333335,1,0.4776119402985075,0,1.4626865671641793,0
spiezsc01,Scott Spiezio,Both,0.25862068965517243,0.3768472906403941,0.334070796460177,114,406,54,105,50,19,1,9,9,1,3,56,44,2,153,8,3,3,4,0,1,0,0,0,0,2.0689655172413794,3.0147783251231526,1.894736842105263,1.7543859649122806,0.37438423645320196,0.019704433497536946,0.17733990147783252,0.03508771929824561,0.9310344827586206,-0.01477832512315258,-1.894736842105263,-0.7543859649122806,-0.37438423645320196,-0.019704433497536946,-0.17733990147783252,-0.03508771929824561
spradje01,Jerry Spradlin,Both,1,2,1,65,1,0,1,0,1,0,0,0,0,0,0,0,0,2,10,3,4,9,0,0,1,0,0,0,10,20,0,0,10,0,0,0,-7,-16,0,0,-9,0,0,0
stairma01,Matt Stairs,Left,0.2944550669216061,0.5105162523900574,0.37244897959183676,149,523,88,154,106,33,1,26,5,8,3,93,59,6,267,44,12,14,13,6,6,2,0,0,2,12.95602294455067,22.462715105162523,7.677852348993289,9.248322147651006,2.776290630975143,0.0841300191204589,2.1873804971319313,0.697986577181208,-0.9560229445506696,-8.462715105162523,-1.677852348993289,-3.248322147651006,-0.7762906309751432,-0.0841300191204589,-2.1873804971319313,1.302013422818792
steinte01,Terry Steinbach,Right,0.24170616113744076,0.4099526066350711,0.3103448275862069,124,422,45,102,54,25,2,14,1,0,1,89,38,4,173,22,6,11,9,3,3,2,0,1,0,5.317535545023697,9.018957345971565,3.2661290322580645,3.9193548387096775,1.3033175355450237,0.1042654028436019,0.7298578199052134,0,0.6824644549763033,1.9810426540284354,-0.2661290322580645,-0.9193548387096775,0.6966824644549763,-0.1042654028436019,0.27014218009478663,0
stockke01,Kevin Stocker,Both,0.20833333333333334,0.3125,0.2830188679245283,112,336,37,70,25,11,3,6,10,5,3,80,27,8,105,21,4,4,8,2,2,0,0,0,0,4.375,6.5625,2.642857142857143,1.7857142857142858,0.6875,0.1875,0.375,0.35714285714285715,-0.375,-2.5625,-0.6428571428571428,0.2142857142857142,-0.6875,-0.1875,-0.375,-0.35714285714285715
stottto01,Todd Stottlemyre,Left,0.22641509433962265,0.22641509433962265,0.2807017543859649,22,53,3,12,1,0,0,0,5,0,0,24,4,0,12,10,0,0,4,0,0,0,0,0,0,2.2641509433962264,2.2641509433962264,0.5454545454545454,0.18181818181818182,0,0,0,0,-2.2641509433962264,-2.2641509433962264,-0.5454545454545454,-0.18181818181818182,0,0,0,0
tatisfe01,Fernando Tatis,Right,0.27631578947368424,0.41541353383458646,0.32926829268292684,150,532,69,147,58,33,4,11,5,13,5,123,36,6,221,23,4,7,6,3,3,1,1,0,1,6.355263157894737,9.554511278195488,2.7600000000000002,2.32,1.4266917293233081,0.17293233082706766,0.4755639097744361,0.52,-2.355263157894737,-2.5545112781954877,0.23999999999999977,0.6800000000000002,-0.4266917293233081,0.8270676691729324,-0.4755639097744361,0.48
thomafr04,Frank Thomas,Right,0.26495726495726496,0.48034188034188036,0.38659058487874465,160,585,109,155,109,35,2,29,11,7,0,93,110,6,281,23,6,11,12,6,3,5,0,0,3,6.094017094017094,11.047863247863248,8.175,8.175,1.376068376068376,0.07863247863247863,1.1401709401709401,0.5249999999999999,-0.09401709401709368,-0.04786324786324769,-2.1750000000000007,-5.175000000000001,3.623931623931624,-0.07863247863247863,-1.1401709401709401,2.475
tuckemi01,Michael Tucker,Left,0.24396135265700483,0.4178743961352657,0.3283261802575107,130,414,54,101,46,27,3,13,3,8,3,112,49,3,173,8,1,3,7,2,0,0,1,0,0,1.9516908212560387,3.342995169082126,2.907692307692308,2.476923076923077,0.5217391304347826,0.057971014492753624,0.25120772946859904,0.4307692307692308,-0.9516908212560387,-0.3429951690821258,-0.907692307692308,-2.476923076923077,-0.5217391304347826,0.9420289855072463,-0.25120772946859904,-0.4307692307692308
venturo01,Robin Ventura,Left,0.2627118644067797,0.43559322033898307,0.35074626865671643,161,590,84,155,91,31,4,21,4,1,1,111,79,1,257,26,4,7,8,3,2,1,1,0,0,6.830508474576272,11.32542372881356,4.173913043478261,4.521739130434782,1.3661016949152542,0.17627118644067796,0.9254237288135594,0.049689440993788817,-2.8305084745762716,-4.3254237288135595,-1.1739130434782608,-2.5217391304347823,-0.36610169491525424,0.823728813559322,-0.9254237288135594,-0.049689440993788817
verasqu01,Quilvio Veras,Both,0.26692456479690524,0.35589941972920697,0.3756177924217463,138,517,79,138,45,24,2,6,5,24,9,78,84,6,184,32,6,12,10,5,4,3,0,1,0,8.541586073500968,11.388781431334623,5.72463768115942,3.2608695652173916,1.4854932301740813,0.12379110251450677,0.3713733075435203,1.7391304347826086,-2.5415860735009677,0.611218568665377,-0.72463768115942,0.7391304347826084,1.5145067698259187,-0.12379110251450677,0.6286266924564796,-1.7391304347826086
vinafe01,Fernando Vina,Left,0.3108320251177394,0.42700156985871274,0.38687150837988826,159,637,101,198,45,39,7,7,6,22,16,46,54,25,272,18,1,1,8,2,1,0,0,0,0,5.594976452119309,7.6860282574568295,5.081761006289308,2.2641509433962264,1.1020408163265305,0.19780219780219782,0.19780219780219782,1.1069182389937107,-4.594976452119309,-6.6860282574568295,-3.081761006289308,-1.2641509433962264,-1.1020408163265305,-0.19780219780219782,-0.19780219780219782,-1.1069182389937107
vizquom01,Omar Vizquel,Both,0.2881944444444444,0.3715277777777778,0.3613707165109034,151,576,86,166,50,30,6,2,18,37,12,64,62,4,214,54,16,20,14,5,4,2,1,0,1,15.562499999999998,20.0625,7.973509933774835,4.635761589403974,2.8125,0.5625,0.1875,3.4304635761589406,0.4375000000000018,-0.0625,-2.973509933774835,-0.6357615894039741,-0.8125,0.4375,-0.1875,-2.4304635761589406
wakefti01,Tim Wakefield,Right,0,0,0.3333333333333333,2,2,0,0,0,0,0,0,2,0,0,2,1,0,0,5,0,0,3,1,0,0,0,0,0,0,0,0,0,0,0,0,0,0,0,1,0,0,0,0,0
walkela01,Larry Walker,Left,0.3634361233480176,0.6299559471365639,0.446360153256705,130,454,113,165,67,46,3,23,2,14,4,61,64,4,286,44,15,17,12,10,7,2,0,0,0,15.991189427312776,27.718061674008812,10.430769230769231,6.184615384615384,4.458149779735683,0.2907488986784141,2.2290748898678414,1.2923076923076924,-0.9911894273127757,-10.718061674008812,-0.430769230769231,0.815384615384616,-2.458149779735683,-0.2907488986784141,-2.2290748898678414,-1.2923076923076924
watkipa01,Pat Watkins,Right,0.2653061224489796,0.3741496598639456,0.3076923076923077,83,147,11,39,15,8,1,2,6,1,3,26,8,1,55,1,0,0,2,0,0,0,0,0,0,0.2653061224489796,0.3741496598639456,0.26506024096385544,0.3614457831325301,0.05442176870748299,0.006802721088435374,0.013605442176870748,0.024096385542168676,-0.2653061224489796,-0.3741496598639456,-0.26506024096385544,-0.3614457831325301,-0.05442176870748299,-0.006802721088435374,-0.013605442176870748,-0.024096385542168676
weisswa01,Walt Weiss,Both,0.27953890489913547,0.34293948126801155,0.38875305623471884,96,347,64,97,27,18,2,0,15,7,1,53,59,3,119,34,9,11,10,4,5,2,0,0,0,9.504322766570606,11.659942363112393,6.666666666666666,2.8125,1.7636887608069165,0.19596541786743515,0,0.7291666666666667,-0.5043227665706063,-0.6599423631123926,-2.666666666666666,2.1875,0.2363112391930835,-0.19596541786743515,0,-0.7291666666666667
widgech01,Chris Widger,Right,0.23261390887290168,0.38848920863309355,0.2825112107623318,125,417,36,97,53,18,1,15,2,6,1,85,29,0,162,6,1,1,4,1,1,0,0,0,2,1.39568345323741,2.3309352517985613,1.152,1.696,0.2589928057553957,0.014388489208633093,0.2158273381294964,0.192,-0.39568345323741005,-1.3309352517985613,-0.1519999999999999,-0.696,-0.2589928057553957,-0.014388489208633093,-0.2158273381294964,1.808
wilsocr02,Craig Wilson,Right,0.46808510638297873,0.7659574468085106,0.5,13,47,14,22,10,5,0,3,3,1,0,6,3,0,36,14,5,9,3,3,2,1,0,1,0,6.553191489361702,10.72340425531915,3.230769230769231,2.307692307692308,1.4893617021276595,0,0.8936170212765957,0.23076923076923078,-1.5531914893617023,-1.7234042553191493,-0.23076923076923084,-0.30769230769230793,-0.4893617021276595,0,0.1063829787234043,-0.23076923076923078
wittbo01,Bobby Witt,Right,0.18181818181818182,0.2727272727272727,0.25,17,11,0,2,1,1,0,0,1,0,0,5,1,0,3,4,1,1,2,0,0,0,0,0,0,0.7272727272727273,1.0909090909090908,0,0.11764705882352941,0.36363636363636365,0,0,0,0.2727272727272727,-0.09090909090909083,0,-0.11764705882352941,-0.36363636363636365,0,0,0
woodke02,Kerry Wood,Right,0.12962962962962962,0.24074074074074073,0.14545454545454545,24,54,3,7,8,0,0,2,8,0,0,16,1,0,13,3,1,1,2,0,1,0,0,0,0,0.38888888888888884,0.7222222222222222,0.25,0.6666666666666666,0,0,0.1111111111111111,0,0.6111111111111112,0.2777777777777778,-0.25,0.33333333333333337,0,0,-0.1111111111111111,0
yoshima01,Masato Yoshii,Right,0.0625,0.08333333333333333,0.11764705882352941,27,48,3,3,3,1,0,0,8,0,0,27,3,0,4,4,0,0,2,0,0,0,0,0,0,0.25,0.3333333333333333,0.2222222222222222,0.2222222222222222,0.08333333333333333,0,0,0,-0.25,-0.3333333333333333,-0.2222222222222222,-0.2222222222222222,-0.08333333333333333,0,0,0
zaungr01,Gregg Zaun,Both,0.18791946308724833,0.29194630872483224,0.2754491017964072,106,298,19,56,29,12,2,5,4,5,2,52,35,1,87,12,2,3,4,0,1,1,0,0,0,2.25503355704698,3.503355704697987,0.71698113207547165,1.0943396226415094,0.4832214765100671,0.08053691275167785,0.20134228187919462,0.18867924528301888,-0.25503355704698016,-0.5033557046979871,-0.71698113207547165,-0.09433962264150941,0.5167785234899329,-0.08053691275167785,-0.20134228187919462,-0.18867924528301888
zeileto01,Todd Zeile,Right,0.270979020979021,0.4370629370629371,0.35348837209302325,158,572,85,155,94,32,3,19,8,4,4,90,69,4,250,9,1,2,6,1,0,1,0,0,0,2.4388111888111887,3.9335664335664338,3.2278481012658227,3.5696202531645564,0.5034965034965035,0.04720279720279721,0.29895104895104896,0.1518987341772152,-1.4388111888111887,-1.9335664335664338,-2.2278481012658227,-3.5696202531645564,0.49650349650349646,-0.04720279720279721,-0.29895104895104896,-0.1518987341772152
zuberjo01,Jon Zuber,Left,0.24444444444444444,0.4888888888888889,0.34615384615384615,38,45,6,11,6,3,1,2,0,0,0,9,6,1,22,21,7,17,5,5,6,2,1,2,0,5.133333333333333,10.266666666666666,0.7894736842105263,0.7894736842105263,1.4,0.4666666666666667,0.9333333333333333,0,1.8666666666666671,6.733333333333334,4.2105263157894735,5.2105263157894735,0.6000000000000001,0.5333333333333333,1.0666666666666667,0
